,BMI_12m_zscore,wt_12m_zscore
BMI_12m_zscore,1.0,0.016822180523964326
wt_12m_zscore,0.016822180523964326,1.0
