,height_12m_cm,weight_12m_g
height_12m_cm,1.0,0.48631380835501026
weight_12m_g,0.48631380835501026,1.0
