,height_6m_cm,weight_6m_g
height_6m_cm,1.0,0.2203503784713967
weight_6m_g,0.2203503784713967,1.0
