,BMI_birth_zscore,ht_birth_zscore,wt_birth_zscore
BMI_birth_zscore,1.0,-0.21674769439505676,0.8371536145254194
ht_birth_zscore,-0.21674769439505676,1.0,0.3228125172176376
wt_birth_zscore,0.8371536145254194,0.3228125172176376,1.0
