,BMI_12m_zscore,wt_12m_zscore
BMI_12m_zscore,1.0,0.017074345875015096
wt_12m_zscore,0.017074345875015096,1.0
