,BMI_12m_zscore,wt_12m_zscore
BMI_12m_zscore,1.0,0.016806264745121913
wt_12m_zscore,0.016806264745121913,1.0
