,height_12m_cm,weight_12m_g
height_12m_cm,1.0,0.48528689924400625
weight_12m_g,0.48528689924400625,1.0
