,height_12m_cm,weight_12m_g
height_12m_cm,1.0,0.48535110708069884
weight_12m_g,0.48535110708069884,1.0
