measure,transition,model,mae,rmse,accuracy,precision_macro,recall_macro,f1_macro,n_test
bmi,12m->18m,XGBoost,0.9727326373162464,1.2501492535892942,0.3076923076923077,0.320496632996633,0.316678550207962,0.3106384984364184,91
ht,12m->18m,XGBoost,0.9603203807284056,1.3089292096005465,0.3,0.3029100529100529,0.32497113997113997,0.30278352887048543,90
wt,12m->18m,MLP,0.9883128695243977,1.2433491957570586,0.27472527472527475,0.2920289855072464,0.25510204081632654,0.23912313177019057,91
