measure,transition,model,mae,rmse,accuracy,precision_macro,recall_macro,f1_macro,n_test
bmi,36m->48m,LinearRegression,1.6398624785395002,2.524486518762713,0.2608695652173913,0.30753968253968256,0.37916666666666665,0.2672494172494172,23
ht,36m->48m,SVR,0.715981235781777,0.8865762728432592,0.2916666666666667,0.2875,0.3701923076923077,0.25587044534412956,24
wt,36m->48m,XGBoost,0.7847420976573924,0.8731913918433317,0.21739130434782608,0.19642857142857142,0.22916666666666666,0.18333333333333335,23
