measure,transition,model,mae,rmse,accuracy,precision_macro,recall_macro,f1_macro,n_test
bmi,6m->12m,XGBoost,1.0048347521503564,1.3615716153016788,0.29473684210526313,0.297872597314788,0.33710511982570807,0.2970959595959596,95
ht,6m->12m,LinearRegression,0.8106581667190523,1.001213270325211,0.4,0.39800291241938834,0.4241071428571428,0.40041343669250645,95
wt,6m->12m,XGBoost,0.7155284815830874,0.9371597986750843,0.37894736842105264,0.3822530126877953,0.5189305985552115,0.39227753366913154,95
