measure,transition,model,mae,rmse,accuracy,precision_macro,recall_macro,f1_macro,n_test
bmi,birth->6m,XGBoost,1.068134499330568,1.4552667193824431,0.4845360824742268,0.4523809523809524,0.44477339181286546,0.4441287878787879,97
ht,birth->6m,XGBoost,0.9069751612286513,1.193589331074746,0.6391752577319587,0.5725694444444445,0.5819444444444444,0.5738095238095238,97
wt,birth->6m,XGBoost,0.7601408672315895,1.0330703137645676,0.41237113402061853,0.41464646464646465,0.41337306011219055,0.40918989547038326,97
