measure,transition,model,mae,rmse,accuracy,precision_macro,recall_macro,f1_macro,n_test
bmi,24m->36m,MLP,1.230843671835307,1.5976167455641028,0.25,0.27380952380952384,0.2628246753246753,0.26064203245267314,40
ht,24m->36m,LinearRegression,0.8859072883894198,1.0809702090381519,0.24390243902439024,0.23522727272727273,0.17677696078431374,0.19409430438842204,41
wt,24m->36m,MLP,0.838574015170929,1.1088920800433546,0.36585365853658536,0.3964646464646465,0.3975694444444444,0.3595317725752508,41
