transition,measure,model,mae,rmse,accuracy,precision_macro,recall_macro,f1_macro,n_test
6m->12m,bmi,LinearRegression,6.025715515659043,7.745492133257721,0.17894736842105263,0.13082010582010584,0.2537445533769063,0.14427239427239427,95
6m->12m,bmi,SVR,0.9975614379877155,1.3861397128307857,0.30526315789473685,0.2972857123683875,0.3263645736072207,0.2946117401825403,95
6m->12m,bmi,MLP,12.884110613245134,18.92960410829972,0.18947368421052632,0.09855072463768116,0.27022058823529416,0.14441842310694772,95
6m->12m,bmi,XGBoost,1.0048347521503564,1.3615716153016788,0.29473684210526313,0.297872597314788,0.33710511982570807,0.2970959595959596,95
6m->12m,ht,LinearRegression,0.8106581667190523,1.001213270325211,0.4,0.39800291241938834,0.4241071428571428,0.40041343669250645,95
6m->12m,ht,SVR,0.7943048050469167,1.0114991335218981,0.37894736842105264,0.3597008547008547,0.39761904761904765,0.37456095913542725,95
6m->12m,ht,MLP,1.6106111737670732,2.2871682070893473,0.25263157894736843,0.2126402518136798,0.2836309523809524,0.23361727914447755,95
6m->12m,ht,XGBoost,0.8791420935625559,1.237360241812778,0.4,0.37981672932330823,0.4282738095238095,0.38859020023103585,95
6m->12m,wt,LinearRegression,0.770583903533153,0.9654952661783314,0.3368421052631579,0.3377926421404682,0.42154927760577915,0.33912071843588537,95
6m->12m,wt,SVR,0.8036452519696285,1.0215272585501236,0.30526315789473685,0.31,0.43347523219814244,0.3147915941019389,95
6m->12m,wt,MLP,1.143093253578709,2.04236837715111,0.3368421052631579,0.3595708020050125,0.44871646026831785,0.32946674997566777,95
6m->12m,wt,XGBoost,0.7155284815830874,0.9371597986750843,0.37894736842105264,0.3822530126877953,0.5189305985552115,0.39227753366913154,95
