Feature,Avg_Correlation,Max_Correlation,Std_Correlation,Times_Used
ht_6m_zscore,1.0,1.0,0.0,7
wt_6m_zscore,0.5916338572106158,0.5916338572106158,0.0,7
wt_12m_zscore,0.5829281275820618,0.5829281275820618,0.0,4
ht_1y_zscore,0.5153549058799014,0.5153549058799014,0.0,4
ht_birth_zscore,0.49733384987065327,0.4973338498706533,5.551115123125783e-17,7
wt_birth_zscore,0.3126937072807781,0.3126937072807781,0.0,7
BMI_birth_zscore,0.05452041126491997,0.05452041126491998,6.938893903907228e-18,7
BMI_12m_zscore,0.00572553112675439,0.00572553112675439,0.0,4
BMI_6m_zscore,0.00384617547967498,0.0038461754796749797,4.336808689942018e-19,7
