measure,transition,model,mae,rmse,accuracy,precision_macro,recall_macro,f1_macro,n_test
bmi,36m->48m,XGBoost,0.05611707871858762,0.08121333046202177,0.8095238095238095,0.5,0.40476190476190477,0.4473684210526316,42
ht,36m->48m,LinearRegression,3.515275925644536e-15,4.30380254418977e-15,0.6046511627906976,0.5,0.3023255813953488,0.37681159420289856,43
wt,36m->48m,LinearRegression,1.3826552951663514e-15,1.7229799298335824e-15,0.5116279069767442,0.5,0.2558139534883721,0.3384615384615385,43
