measure,transition,model,mae,rmse,accuracy,precision_macro,recall_macro,f1_macro,n_test
bmi,24m->36m,LinearRegression,5.0540711966406385e-15,1.302417553912245e-14,0.3815789473684211,0.5,0.19078947368421054,0.2761904761904762,76
ht,24m->36m,LinearRegression,2.1685869474421644e-15,2.7825087503691145e-15,0.4868421052631579,0.5,0.24342105263157895,0.3274336283185841,76
wt,24m->36m,LinearRegression,1.068774698372484e-15,1.3713707562731433e-15,0.6266666666666667,0.5,0.31333333333333335,0.3852459016393443,75
