measure,transition,model,mae,rmse,accuracy,precision_macro,recall_macro,f1_macro,n_test
bmi,12m->18m,LinearRegression,8.522729305918861e-14,1.2102146084315543e-13,0.5894736842105263,0.5,0.29473684210526313,0.37086092715231783,95
ht,12m->18m,LinearRegression,2.1903531620038945e-15,2.6841982304423932e-15,0.42105263157894735,0.5,0.21052631578947367,0.2962962962962963,95
wt,12m->18m,LinearRegression,1.1154089348059715e-15,1.576873854520545e-15,0.6421052631578947,0.5,0.32105263157894737,0.391025641025641,95
