transition,measure,model,mae,rmse,accuracy,precision_macro,recall_macro,f1_macro,n_test
6m->12m,bmi,LinearRegression,1.0602558350181544e-15,1.757096520132709e-15,0.5773195876288659,0.5,0.28865979381443296,0.3660130718954248,97
6m->12m,bmi,SVR,0.3101031546877966,0.7881609577022803,0.41237113402061853,0.25,0.10309278350515463,0.14598540145985403,97
6m->12m,bmi,MLP,0.2121627537575695,0.33170238922457895,0.44329896907216493,0.3333333333333333,0.14776632302405499,0.20476190476190473,97
6m->12m,bmi,XGBoost,0.050117980161680606,0.15743137481678537,0.711340206185567,0.3333333333333333,0.2371134020618557,0.27710843373493976,97
6m->12m,ht,LinearRegression,1.0584316928063027e-15,1.3163212342040005e-15,0.5257731958762887,0.5,0.26288659793814434,0.3445945945945946,97
6m->12m,ht,SVR,0.2700922095021324,0.6219776376513556,0.3711340206185567,0.25,0.09278350515463918,0.13533834586466165,97
6m->12m,ht,MLP,0.2045664352756988,0.3729079142629576,0.41237113402061853,0.3333333333333333,0.1374570446735395,0.19464720194647203,97
6m->12m,ht,XGBoost,0.018455471966317877,0.07826212659752829,0.4639175257731959,0.3333333333333333,0.15463917525773196,0.21126760563380279,97
6m->12m,wt,LinearRegression,9.815315799537226e-16,1.6979137586059646e-15,0.4329896907216495,0.5,0.21649484536082475,0.302158273381295,97
6m->12m,wt,SVR,0.2567256113792588,0.6372092517128576,0.38144329896907214,0.25,0.09536082474226804,0.1380597014925373,97
6m->12m,wt,MLP,0.19060051221452354,0.36730541097820013,0.4020618556701031,0.25,0.10051546391752578,0.1433823529411765,97
6m->12m,wt,XGBoost,0.0582085797968123,0.3075890101128719,0.5773195876288659,0.3333333333333333,0.1924398625429553,0.24400871459694987,97
